hsa-miR-328-5p,GGGGGGGCAGGAGGGGCUCAGGG
hsa-miR-3689b-3p,CUGGGAGGUGUGAUAUUGUGGU
hsa-miR-3689c,CUGGGAGGUGUGAUAUUGUGGU
hsa-miR-30b-3p,CUGGGAGGUGGAUGUUUACUUC
hsa-miR-3689a-3p,CUGGGAGGUGUGAUAUCGUGGU
hsa-miR-8485,CACACACACACACACACGUAU
hsa-miR-6851-5p,AGGAGGUGGUACUAGGGGCCAGC
hsa-miR-4778-3p,UCUUCUUCCUUUGCAGAGUUGA
hsa-miR-4300,UGGGAGCUGGACUACUUC
hsa-miR-3192-5p,UCUGGGAGGUUGUAGCAGUGGAA
hsa-miR-6780a-5p,UUGGGAGGGAAGACAGCUGGAGA
hsa-miR-6756-5p,AGGGUGGGGCUGGAGGUGGGGCU
hsa-miR-6726-5p,CGGGAGCUGGGGUCUGCAGGU
hsa-miR-4728-5p,UGGGAGGGGAGAGGCAGCAAGCA
hsa-miR-650,AGGAGGCAGCGCUCUCAGGAC
hsa-miR-1277-5p,AAAUAUAUAUAUAUAUGUACGUAU
hsa-miR-1249-5p,AGGAGGGAGGAGAUGGGCCAAGUU
hsa-miR-103a-3p,AGCAGCAUUGUACAGGGCUAUGA
hsa-miR-107,AGCAGCAUUGUACAGGGCUAUCA
hsa-miR-7110-5p,UGGGGGUGUGGGGAGAGAGAG
hsa-miR-920,GGGGAGCUGUGGAAGCAGUA
hsa-miR-6752-5p,GGGGGGUGUGGAGCCAGGGGGC
hsa-miR-646,AAGCAGCUGCCUCUGAGGC
hsa-miR-4739,AAGGGAGGAGGAGCGGAGGGGCCCU
hsa-miR-6812-5p,AUGGGGUGAGAUGGGGAGGAGCAGC
hsa-miR-6799-5p,GGGGAGGUGUGCAGGGCUGG
hsa-miR-6756-3p,UCCCCUUCCUCCCUGCCCAG
hsa-miR-4446-3p,CAGGGCUGGCAGUGACAUGGGU
hsa-miR-4498,UGGGCUGGCAGGGCAAGUGCUG
hsa-miR-4672,UUACACAGCUGGACAGAGGCA
hsa-miR-6790-3p,CGACCUCGGCGACCCCUCACU
hsa-miR-6862-5p,CGGGCAUGCUGGGAGAGACUUU
hsa-miR-4640-5p,UGGGCCAGGGAGCAGCUGGUGGG
hsa-miR-5088-3p,UCCCUUCUUCCUGGGCCCUCA
hsa-miR-6881-3p,AUCCUCUUUCGUCCUUCCCACU
hsa-miR-765,UGGAGGAGAAGGAAGGUGAUG
hsa-miR-6778-5p,AGUGGGAGGACAGGAGGCAGGU
hsa-miR-1199-5p,CCUGAGCCCGGGCCGCGCAG
hsa-miR-6779-5p,CUGGGAGGGGCUGGGUUUGGC
hsa-miR-1185-2-3p,AUAUACAGGGGGAGACUCUCAU
hsa-miR-4726-5p,AGGGCCAGAGGAGCCUGGAGUGG
hsa-miR-370-3p,GCCUGCUGGGGUGGAACCUGGU
hsa-miR-7113-3p,CCUCCCUGCCCGCCUCUCUGCAG
hsa-miR-93-3p,ACUGCUGAGCUAGCACUUCCCG
hsa-miR-431-5p,UGUCUUGCAGGCCGUCAUGCA
hsa-miR-3689d,GGGAGGUGUGAUCUCACACUCG
hsa-miR-1273h-5p,CUGGGAGGUCAAGGCUGCAGU
hsa-miR-6865-3p,ACACCCUCUUUCCCUACCGCC
hsa-miR-4781-5p,UAGCGGGGAUUCCAAUAUUGG
hsa-miR-297,AUGUAUGUGUGCAUGUGCAUG
hsa-miR-6745,UGGGUGGAAGAAGGUCUGGUU
hsa-miR-6825-5p,UGGGGAGGUGUGGAGUCAGCAU
hsa-miR-149-3p,AGGGAGGGACGGGGGCUGUGC
hsa-miR-6870-5p,UGGGGGAGAUGGGGGUUGA
hsa-miR-1266-5p,CCUCAGGGCUGUAGAACAGGGCU
hsa-miR-6757-5p,UAGGGAUGGGAGGCCAGGAUGA
hsa-miR-5591-5p,UGGGAGCUAAGCUAUGGGUAU
hsa-miR-1913,UCUGCCCCCUCCGCUGCUGCCA
hsa-miR-6804-5p,UGAGGGUGUCAGCAGGUGACG
hsa-miR-4518,GCUCAGGGAUGAUAACUGUGCUGAGA
hsa-miR-6133,UGAGGGAGGAGGUUGGGUA
hsa-miR-7111-5p,UGGGGGAGGAAGGACAGGCCAU
hsa-miR-6767-5p,UCGCAGACAGGGACACAUGGAGA
hsa-miR-1185-1-3p,AUAUACAGGGGGAGACUCUUAU
hsa-miR-4763-3p,AGGCAGGGGCUGGUGCUGGGCGGG
hsa-miR-4534,GGAUGGAGGAGGGGUCU
hsa-miR-324-3p,CCCACUGCCCCAGGUGCUGCUGG
hsa-miR-3160-3p,AGAGCUGAGACUAGAAAGCCCA
hsa-miR-6862-3p,CCUCACCCAGCUCUCUGGCCCUCU
hsa-miR-6794-5p,CAGGGGGACUGGGGGUGAGC
hsa-miR-6127,UGAGGGAGUGGGUGGGAGG
hsa-miR-6870-3p,GCUCAUCCCCAUCUCCUUUCAG
hsa-miR-6832-3p,ACCCUUUUUCUCUUUCCCAG
hsa-miR-6882-3p,UGCUGCCUCUCCUCUUGCCUGCAG
hsa-miR-6797-5p,AGGAGGGAAGGGGCUGAGAACAGGA
hsa-miR-6848-5p,UGGGGGCUGGGAUGGGCCAUGGU
hsa-miR-361-3p,UCCCCCAGGUGUGAUUCUGAUUU
hsa-miR-5001-5p,AGGGCUGGACUCAGCGGCGGAGCU
hsa-miR-6893-3p,CCCUGCUGCCUUCACCUGCCAG
hsa-miR-6784-3p,UCUCACCCCAACUCUGCCCCAG
hsa-miR-6787-5p,UGGCGGGGGUAGAGCUGGCUGC
hsa-miR-181d-5p,AACAUUCAUUGUUGUCGGUGGGU
hsa-miR-5004-5p,UGAGGACAGGGCAAAUUCACGA
hsa-miR-1236-3p,CCUCUUCCCCUUGUCUCUCCAG
hsa-miR-769-5p,UGAGACCUCUGGGUUCUGAGCU
hsa-miR-6744-5p,UGGAUGACAGUGGAGGCCU
hsa-miR-135b-3p,AUGUAGGGCUAAAAGCCAUGGG
hsa-miR-4269,GCAGGCACAGACAGCCCUGGC
hsa-miR-4682,UCUGAGUUCCUGGAGCCUGGUCU
hsa-miR-6795-5p,UGGGGGGACAGGAUGAGAGGCUGU
hsa-miR-4691-5p,GUCCUCCAGGCCAUGAGCUGCGG
hsa-miR-1915-3p,CCCCAGGGCGACGCGGCGGG
hsa-miR-484,UCAGGCUCAGUCCCCUCCCGAU
hsa-miR-4510,UGAGGGAGUAGGAUGUAUGGUU
hsa-miR-6129,UGAGGGAGUUGGGUGUAUA
hsa-miR-4731-3p,CACACAAGUGGCCCCCAACACU
hsa-miR-1233-5p,AGUGGGAGGCCAGGGCACGGCA
hsa-miR-6824-5p,GUAGGGGAGGUUGGGCCAGGGA
hsa-miR-1827,UGAGGCAGUAGAUUGAAU
hsa-miR-3612,AGGAGGCAUCUUGAGAAAUGGA
hsa-miR-6860,ACUGGGCAGGGCUGUGGUGAGU
hsa-miR-612,GCUGGGCAGGGCUUCUGAGCUCCUU
hsa-miR-219a-1-3p,AGAGUUGAGUCUGGACGUCCCG
hsa-miR-6785-5p,UGGGAGGGCGUGGAUGAUGGUG
hsa-miR-6803-3p,UCCCUCGCCUUCUCACCCUCAG
hsa-miR-4667-3p,UCCCUCCUUCUGUCCCCACAG
hsa-miR-619-5p,GCUGGGAUUACAGGCAUGAGCC
hsa-miR-181b-5p,AACAUUCAUUGCUGUCGGUGGGU
hsa-miR-3941,UUACACACAACUGAGGAUCAUA
hsa-miR-6887-5p,UGGGGGGACAGAUGGAGAGGACA
hsa-miR-6791-3p,UGCCUCCUUGGUCUCCGGCAG
hsa-miR-7106-5p,UGGGAGGAGGGGAUCUUGGG
hsa-miR-4530,CCCAGCAGGACGGGAGCG
hsa-miR-3187-5p,CCUGGGCAGCGUGUGGCUGAAGG
hsa-miR-8059,GGGGAACUGUAGAUGAAAAGGC
hsa-miR-4749-3p,CGCCCCUCCUGCCCCCACAG
hsa-miR-6871-3p,CAGCACCCUGUGGCUCCCACAG
hsa-miR-6842-5p,UGGGGGUGGUCUCUAGCCAAGG
hsa-miR-190a-3p,CUAUAUAUCAAACAUAUUCCU
hsa-miR-1207-5p,UGGCAGGGAGGCUGGGAGGGG
hsa-miR-7152-3p,UCUGGUCCUGGACAGGAGGC
hsa-miR-6721-5p,UGGGCAGGGGCUUAUUGUAGGAG
hsa-miR-5582-5p,UAGGCACACUUAAAGUUAUAGC
hsa-miR-6731-5p,UGGGAGAGCAGGGUAUUGUGGA
hsa-miR-6883-5p,AGGGAGGGUGUGGUAUGGAUGU
hsa-miR-6752-3p,UCCCUGCCCCCAUACUCCCAG
hsa-miR-574-5p,UGAGUGUGUGUGUGUGAGUGUGU
hsa-miR-6810-3p,UCCCCUGCUCCCUUGUUCCCCAG
hsa-miR-4719,UCACAAAUCUAUAAUAUGCAGG
hsa-miR-378g,ACUGGGCUUGGAGUCAGAAG
hsa-miR-6873-3p,UUCUCUCUGUCUUUCUCUCUCAG
hsa-miR-4723-5p,UGGGGGAGCCAUGAGAUAAGAGCA
hsa-miR-4733-3p,CCACCAGGUCUAGCAUUGGGAU
hsa-miR-6758-5p,UAGAGAGGGGAAGGAUGUGAUGU
hsa-miR-5698,UGGGGGAGUGCAGUGAUUGUGG
hsa-miR-6836-5p,CGCAGGGCCCUGGCGCAGGCAU
hsa-miR-6815-3p,UGGCUUCUCUUGCACACCCAG
hsa-miR-1976,CCUCCUGCCCUCCUUGCUGU
hsa-miR-6829-3p,UGCCUCCUCCGUGGCCUCAG
hsa-miR-6888-3p,AUCUGUCUCGAUUGUUUCCAG
hsa-miR-3620-5p,GUGGGCUGGGCUGGGCUGGGCC
hsa-miR-197-5p,CGGGUAGAGAGGGCAGUGGGAGG
hsa-miR-6831-5p,UAGGUAGAGUGUGAGGAGGAGGUC
hsa-miR-466,AUACACAUACACGCAACACACAU
hsa-miR-4716-3p,AAGGGGGAAGGAAACAUGGAGA
hsa-miR-1184,CCUGCAGCGACUUGAUGGCUUCC
hsa-miR-5011-5p,UAUAUAUACAGCCAUGCACUC
hsa-miR-6803-5p,CUGGGGGUGGGGGGCUGGGCGU
hsa-miR-3925-3p,ACUCCAGUUUUAGUUCUCUUG
hsa-miR-4644,UGGAGAGAGAAAAGAGACAGAAG
hsa-miR-5189-5p,UCUGGGCACAGGCGGAUGGACAGG
hsa-miR-3064-3p,UUGCCACACUGCAACACCUUACA
hsa-miR-6722-3p,UGCAGGGGUCGGGUGGGCCAGG
hsa-miR-762,GGGGCUGGGGCCGGGGCCGAGC
hsa-miR-4685-3p,UCUCCCUUCCUGCCCUGGCUAG
hsa-miR-615-5p,GGGGGUCCCCGGUGCUCGGAUC
hsa-miR-6753-5p,CACCAGGGCAGAGCAGGGCUGA
hsa-miR-6838-5p,AAGCAGCAGUGGCAAGACUCCU
hsa-miR-526b-5p,CUCUUGAGGGAAGCACUUUCUGU
hsa-miR-6732-5p,UAGGGGGUGGCAGGCUGGCC
hsa-miR-5196-5p,AGGGAAGGGGACGAGGGUUGGG
hsa-miR-5193,UCCUCCUCUACCUCAUCCCAGU
hsa-miR-4734,GCUGCGGGCUGCGGUCAGGGCG
hsa-miR-3924,AUAUGUAUAUGUGACUGCUACU
hsa-miR-3613-3p,ACAAAAAAAAAAGCCCAACCCUUC
hsa-miR-3663-5p,GCUGGUCUGCGUGGUGCUCGG
hsa-miR-608,AGGGGUGGUGUUGGGACAGCUCCGU
hsa-miR-181a-5p,AACAUUCAACGCUGUCGGUGAGU
hsa-miR-6798-5p,CCAGGGGGAUGGGCGAGCUUGGG
hsa-miR-2682-3p,CGCCUCUUCAGCGCUGUCUUCC
hsa-miR-658,GGCGGAGGGAAGUAGGUCCGUUGGU
hsa-miR-3617-3p,CAUCAGCACCCUAUGUCCUUUCU
hsa-miR-3614-3p,UAGCCUUCAGAUCUUGGUGUUUU
hsa-miR-3202,UGGAAGGGAGAAGAGCUUUAAU
hsa-miR-3617-5p,AAAGACAUAGUUGCAAGAUGGG
hsa-miR-8085,UGGGAGAGAGGACUGUGAGGC
hsa-miR-214-3p,ACAGCAGGCACAGACAGGCAGU
hsa-miR-660-3p,ACCUCCUGUGUGCAUGGAUUA
hsa-miR-6501-3p,CCAGAGCAGCCUGCGGUAACAGU
hsa-miR-3064-5p,UCUGGCUGUUGUGGUGUGCAA
hsa-miR-764,GCAGGUGCUCACUUGUCCUCCU
hsa-miR-412-3p,ACUUCACCUGGUCCACUAGCCGU
hsa-miR-6768-3p,CAAAGGCCACAUUCUCCUGUGCAC
hsa-miR-6743-5p,AAGGGGCAGGGACGGGUGGCCC
hsa-miR-18a-3p,ACUGCCCUAAGUGCUCCUUCUGG
hsa-miR-4710,GGGUGAGGGCAGGUGGUU
hsa-miR-4290,UGCCCUCCUUUCUUCCCUC
hsa-miR-6867-5p,UGUGUGUGUAGAGGAAGAAGGGA
hsa-miR-6808-5p,CAGGCAGGGAGGUGGGACCAUG
hsa-miR-6765-5p,GUGAGGCGGGGCCAGGAGGGUGUGU
hsa-miR-24-3p,UGGCUCAGUUCAGCAGGAACAG
hsa-miR-3934-3p,UGCUCAGGUUGCACAGCUGGGA
hsa-miR-4685-5p,CCCAGGGCUUGGAGUGGGGCAAGGUU
hsa-miR-6736-3p,UCAGCUCCUCUCUACCCACAG
hsa-miR-4775,UUAAUUUUUUGUUUCGGUCACU
hsa-miR-6826-3p,CUCCCCUCUCUUUCCUGUUCAG
hsa-miR-497-3p,CAAACCACACUGUGGUGUUAGA
hsa-miR-3175,CGGGGAGAGAACGCAGUGACGU
hsa-miR-3667-3p,ACCUUCCUCUCCAUGGGUCUUU
hsa-miR-4437,UGGGCUCAGGGUACAAAGGUU
hsa-miR-6734-3p,CCCUUCCCUCACUCUUCUCUCAG
hsa-miR-6754-3p,UCUUCACCUGCCUCUGCCUGCA
hsa-miR-6895-5p,CAGGGCCAGGCACAGAGUAAG
hsa-miR-6852-5p,CCCUGGGGUUCUGAGGACAUG
hsa-miR-6504-5p,UCUGGCUGUGCUGUAAUGCAG
hsa-miR-500b-3p,GCACCCAGGCAAGGAUUCUG
hsa-miR-1909-3p,CGCAGGGGCCGGGUGCUCACCG
hsa-miR-939-3p,CCCUGGGCCUCUGCUCCCCAG
hsa-miR-4789-5p,GUAUACACCUGAUAUGUGUAUG
hsa-miR-23a-3p,AUCACAUUGCCAGGGAUUUCC
hsa-miR-501-5p,AAUCCUUUGUCCCUGGGUGAGA
hsa-miR-6845-3p,CCUCUCCUCCCUGUGCCCCAG
hsa-miR-637,ACUGGGGGCUUUCGGGCUCUGCGU
hsa-miR-3065-3p,UCAGCACCAGGAUAUUGUUGGAG
hsa-miR-6816-5p,UGGGGCGGGGCAGGUCCCUGC
hsa-miR-6893-5p,CAGGCAGGUGUAGGGUGGAGC
hsa-miR-661,UGCCUGGGUCUCUGGCCUGCGCGU
hsa-miR-3619-5p,UCAGCAGGCAGGCUGGUGCAGC
hsa-miR-6744-3p,GGGCCUCUCUUGUCAUCCUGCAG
hsa-miR-1303,UUUAGAGACGGGGUCUUGCUCU
hsa-miR-23b-3p,AUCACAUUGCCAGGGAUUACCAC
hsa-miR-6782-5p,UAGGGGUGGGGGAAUUCAGGGGUGU
hsa-miR-3182,GCUUCUGUAGUGUAGUC
hsa-miR-378a-3p,ACUGGACUUGGAGUCAGAAGGC
hsa-miR-378c,ACUGGACUUGGAGUCAGAAGAGUGG
hsa-miR-378d,ACUGGACUUGGAGUCAGAAA
hsa-miR-378e,ACUGGACUUGGAGUCAGGA
hsa-miR-6856-5p,AAGAGAGGAGCAGUGGUGCUGUGG
hsa-miR-1343-3p,CUCCUGGGGCCCGCACUCUCGC
hsa-miR-4753-3p,UUCUCUUUCUUUAGCCUUGUGU
hsa-miR-766-3p,ACUCCAGCCCCACAGCCUCAGC
hsa-miR-1286,UGCAGGACCAAGAUGAGCCCU
hsa-miR-3125,UAGAGGAAGCUGUGGAGAGA
hsa-miR-3196,CGGGGCGGCAGGGGCCUC
hsa-miR-548as-3p,UAAAACCCACAAUUAUGUUUGU
hsa-miR-6879-3p,UGUCACCCGCUCCUUGCCCAG
hsa-miR-6818-3p,UUGUCUCUUGUUCCUCACACAG
hsa-miR-6791-5p,CCCCUGGGGCUGGGCAGGCGGA
hsa-miR-1183,CACUGUAGGUGAUGGUGAGAGUGGGCA
hsa-miR-4656,UGGGCUGAGGGCAGGAGGCCUGU
hsa-miR-4745-5p,UGAGUGGGGCUCCCGGGACGGCG
hsa-miR-568,AUGUAUAAAUGUAUACACAC
hsa-miR-490-3p,CAACCUGGAGGACUCCAUGCUG
hsa-miR-4686,UAUCUGCUGGGCUUUCUGGUGUU
hsa-miR-4283,UGGGGCUCAGCGAGUUU
hsa-miR-4436b-5p,GUCCACUUCUGCCUGCCCUGCC
hsa-miR-877-3p,UCCUCUUCUCCCUCCUCCCAG
hsa-miR-8056,CGUGGAUUGUCUGGAUGCAU
hsa-miR-6880-5p,UGGUGGAGGAAGAGGGCAGCUC
hsa-miR-6839-3p,UUGGGUUUUCUCUUCAAUCCAG
hsa-miR-363-5p,CGGGUGGAUCACGAUGCAAUUU
hsa-miR-367-5p,ACUGUUGCUAAUAUGCAACUCU
hsa-miR-4789-3p,CACACAUAGCAGGUGUAUAUA
hsa-miR-6809-3p,CUUCUCUUCUCUCCUUCCCAG
hsa-miR-6884-5p,AGAGGCUGAGAAGGUGAUGUUG
hsa-miR-3127-3p,UCCCCUUCUGCAGGCCUGCUGG
hsa-miR-7160-5p,UGCUGAGGUCCGGGCUGUGCC
hsa-miR-1248,ACCUUCUUGUAUAAGCACUGUGCUAAA
hsa-miR-3929,GAGGCUGAUGUGAGUAGACCACU
hsa-miR-3916,AAGAGGAAGAAAUGGCUGGUUCUCAG
hsa-miR-30e-5p,UGUAAACAUCCUUGACUGGAAG
hsa-miR-5588-5p,ACUGGCAUUAGUGGGACUUUU
hsa-miR-6788-5p,CUGGGAGAAGAGUGGUGAAGA
hsa-miR-7108-3p,ACCCGCCCGUCUCCCCACAG
hsa-miR-6849-3p,ACCAGCCUGUGUCCACCUCCAG
hsa-miR-6134,UGAGGUGGUAGGAUGUAGA
hsa-miR-1587,UUGGGCUGGGCUGGGUUGGG
hsa-miR-6792-3p,CUCCUCCACAGCCCCUGCUCAU
hsa-miR-6132,AGCAGGGCUGGGGAUUGCA
hsa-miR-3171,AGAUGUAUGGAAUCUGUAUAUAUC
hsa-miR-665,ACCAGGAGGCUGAGGCCCCU
hsa-miR-6884-3p,CCCAUCACCUUUCCGUCUCCCCU
hsa-miR-6868-3p,UUCCUUCUGUUGUCUGUGCAG
hsa-miR-485-5p,AGAGGCUGGCCGUGAUGAAUUC
hsa-miR-3132,UGGGUAGAGAAGGAGCUCAGAGGA
hsa-miR-7150,CUGGCAGGGGGAGAGGUA
hsa-miR-4463,GAGACUGGGGUGGGGCC
hsa-miR-509-3p,UGAUUGGUACGUCUGUGGGUAG
hsa-miR-30c-1-3p,CUGGGAGAGGGUUGUUUACUCC
hsa-miR-939-5p,UGGGGAGCUGAGGCUCUGGGGGUG
hsa-miR-1299,UUCUGGAAUUCUGUGUGAGGGA
hsa-miR-30d-5p,UGUAAACAUCCCCGACUGGAAG
hsa-miR-2861,GGGGCCUGGCGGUGGGCGG
hsa-miR-3166,CGCAGACAAUGCCUACUGGCCUA
hsa-miR-29b-3p,UAGCACCAUUUGAAAUCAGUGUU
hsa-miR-8087,GAAGACUUCUUGGAUUACAGGGG
hsa-miR-6887-3p,UCCCCUCCACUUUCCUCCUAG
hsa-miR-3130-5p,UACCCAGUCUCCGGUGCAGCC
hsa-miR-34b-5p,UAGGCAGUGUCAUUAGCUGAUUG
hsa-miR-4692,UCAGGCAGUGUGGGUAUCAGAU
hsa-miR-4799-3p,ACUGGCAUGCUGCAUUUAUAUA
hsa-miR-506-3p,UAAGGCACCCUUCUGAGUAGA
hsa-miR-1229-3p,CUCUCACCACUGCCCUCCCACAG
hsa-miR-4801,UACACAAGAAAACCAAGGCUCA
hsa-miR-7109-5p,CUGGGGGGAGGAGACCCUGCU
hsa-miR-23c,AUCACAUUGCCAGUGAUUACCC
hsa-miR-1237-5p,CGGGGGCGGGGCCGAAGCGCG
hsa-miR-383-3p,ACAGCACUGCCUGGUCAGA
hsa-miR-4676-3p,CACUGUUUCACCACUGGCUCUU
hsa-miR-548an,AAAAGGCAUUGUGGUUUUUG
hsa-miR-6793-5p,UGUGGGUUCUGGGUUGGGGUGA
hsa-miR-4722-5p,GGCAGGAGGGCUGUGCCAGGUUG
hsa-miR-30a-5p,UGUAAACAUCCUCGACUGGAAG
hsa-miR-3180-3p,UGGGGCGGAGCUUCCGGAGGCC
hsa-miR-3180,UGGGGCGGAGCUUCCGGAG
hsa-miR-6851-3p,UGGCCCUUUGUACCCCUCCAG
hsa-miR-4292,CCCCUGGGCCGGCCUUGG
hsa-miR-3960,GGCGGCGGCGGAGGCGGGGG
hsa-miR-587,UUUCCAUAGGUGAUGAGUCAC
hsa-miR-4658,GUGAGUGUGGAUCCUGGAGGAAU
hsa-miR-1275,GUGGGGGAGAGGCUGUC
hsa-miR-6741-5p,GUGGGUGCUGGUGGGAGCCGUG
hsa-miR-1285-3p,UCUGGGCAACAAAGUGAGACCU
hsa-miR-4632-5p,GAGGGCAGCGUGGGUGUGGCGGA
hsa-miR-6827-5p,UGGGAGCCAUGAGGGUCUGUGC
hsa-miR-4268,GGCUCCUCCUCUCAGGAUGUG
hsa-miR-6875-3p,AUUCUUCCUGCCCUGGCUCCAU
hsa-miR-942-5p,UCUUCUCUGUUUUGGCCAUGUG
hsa-miR-3692-3p,GUUCCACACUGACACUGCAGAAGU
hsa-miR-504-5p,AGACCCUGGUCUGCACUCUAUC
hsa-miR-4751,AGAGGACCCGUAGCUGCUAGAAGG
hsa-miR-152-3p,UCAGUGCAUGACAGAACUUGG
hsa-miR-4673,UCCAGGCAGGAGCCGGACUGGA
hsa-miR-5691,UUGCUCUGAGCUCCGAGAAAGC
hsa-miR-629-3p,GUUCUCCCAACGUAAGCCCAGC
hsa-miR-1289,UGGAGUCCAGGAAUCUGCAUUUU
hsa-miR-4732-3p,GCCCUGACCUGUCCUGUUCUG
hsa-miR-138-5p,AGCUGGUGUUGUGAAUCAGGCCG
hsa-miR-6747-3p,UCCUGCCUUCCUCUGCACCAG
hsa-miR-6740-3p,UGUCUUCUCUCCUCCCAAACAG
hsa-miR-6876-5p,CAGGAAGGAGACAGGCAGUUCA
hsa-miR-2278,GAGAGCAGUGUGUGUUGCCUGG
hsa-miR-7847-3p,CGUGGAGGACGAGGAGGAGGC
hsa-miR-641,AAAGACAUAGGAUAGAGUCACCUC
hsa-miR-4701-3p,AUGGGUGAUGGGUGUGGUGU
hsa-miR-148b-3p,UCAGUGCAUCACAGAACUUUGU
hsa-miR-4433a-3p,ACAGGAGUGGGGGUGGGACAU
hsa-miR-4687-3p,UGGCUGUUGGAGGGGGCAGGC
hsa-miR-3135b,GGCUGGAGCGAGUGCAGUGGUG
hsa-miR-3149,UUUGUAUGGAUAUGUGUGUGUAU
hsa-miR-6734-5p,UUGAGGGGAGAAUGAGGUGGAGA
hsa-miR-4471,UGGGAACUUAGUAGAGGUUUAA
hsa-miR-642a-5p,GUCCCUCUCCAAAUGUGUCUUG
hsa-miR-4452,UUGAAUUCUUGGCCUUAAGUGAU
hsa-miR-4533,UGGAAGGAGGUUGCCGGACGCU
hsa-miR-6751-5p,UUGGGGGUGAGGUUGGUGUCUGG
hsa-miR-7851-3p,UACCUGGGAGACUGAGGUUGGA
hsa-miR-6879-5p,CAGGGCAGGGAAGGUGGGAGAG
hsa-miR-3622b-5p,AGGCAUGGGAGGUCAGGUGA
hsa-miR-3130-3p,GCUGCACCGGAGACUGGGUAA
hsa-miR-5787,GGGCUGGGGCGCGGGGAGGU
hsa-miR-4646-5p,ACUGGGAAGAGGAGCUGAGGGA
hsa-miR-937-5p,GUGAGUCAGGGUGGGGCUGG
hsa-miR-20b-3p,ACUGUAGUAUGGGCACUUCCAG
hsa-miR-486-3p,CGGGGCAGCUCAGUACAGGAU
hsa-miR-4713-5p,UUCUCCCACUACCAGGCUCCCA
hsa-miR-5700,UAAUGCAUUAAAUUAUUGAAGG
hsa-miR-1290,UGGAUUUUUGGAUCAGGGA
hsa-miR-1321,CAGGGAGGUGAAUGUGAU
hsa-miR-6846-5p,UGGGGGCUGGAUGGGGUAGAGU
hsa-miR-378h,ACUGGACUUGGUGUCAGAUGG
hsa-miR-133a-3p,UUUGGUCCCCUUCAACCAGCUG
hsa-miR-133b,UUUGGUCCCCUUCAACCAGCUA
hsa-miR-2116-3p,CCUCCCAUGCCAAGAACUCCC
hsa-miR-6891-3p,CCCUCAUCUUCCCCUCCUUUC
hsa-miR-6500-3p,ACACUUGUUGGGAUGACCUGC
hsa-miR-6515-5p,UUGGAGGGUGUGGAAGACAUC
hsa-miR-4723-3p,CCCUCUCUGGCUCCUCCCCAAA
hsa-miR-3692-5p,CCUGCUGGUCAGGAGUGGAUACUG
hsa-miR-6743-3p,AGCCGCUCUUCUCCCUGCCCACA
hsa-miR-7110-3p,UCUCUCUCCCACUUCCCUGCAG
hsa-miR-6773-3p,ACUGUCACUUCUCUGCCCAUAG
hsa-miR-4704-3p,UCAGUCACAUAUCUAGUGUCUA
hsa-miR-7111-3p,AUCCUCUCUUCCCUCCUCCCAG
hsa-miR-6892-3p,UCCCUCUCCCACCCCUUGCAG
hsa-miR-4690-3p,GCAGCCCAGCUGAGGCCUCUG
hsa-miR-4469,GCUCCCUCUAGGGUCGCUCGGA
hsa-miR-6876-3p,AGCUGUCUGUGUUUUCCUUCUCAG
hsa-miR-3661,UGACCUGGGACUCGGACAGCUG
hsa-miR-1226-5p,GUGAGGGCAUGCAGGCCUGGAUGGGG
hsa-miR-329-3p,AACACACCUGGUUAACCUCUUU
hsa-miR-6802-3p,UUCACCCCUCUCACCUAAGCAG
hsa-miR-3681-3p,ACACAGUGCUUCAUCCACUACU
hsa-miR-3913-3p,AGACAUCAAGAUCAGUCCCAAA
hsa-miR-449b-3p,CAGCCACAACUACCCUGCCACU
hsa-miR-3159,UAGGAUUACAAGUGUCGGCCAC
hsa-miR-663b,GGUGGCCCGGCCGUGCCUGAGG
hsa-miR-1224-3p,CCCCACCUCCUCUCUCCUCAG
hsa-miR-6511a-5p,CAGGCAGAAGUGGGGCUGACAGG
hsa-miR-6886-3p,UGCCCUUCUCUCCUCCUGCCU
hsa-miR-6840-3p,GCCCAGGACUUUGUGCGGGGUG
hsa-miR-5685,ACAGCCCAGCAGUUAUCACGGG
hsa-miR-4476,CAGGAAGGAUUUAGGGACAGGC
hsa-miR-6818-5p,UUGUGUGAGUACAGAGAGCAUC
hsa-miR-6790-5p,GUGAGUGUGGAUUUGGCGGGGUU
hsa-miR-6754-5p,CCAGGGAGGCUGGUUUGGAGGA
hsa-miR-6762-5p,CGGGGCCAUGGAGCAGCCUGUGU
hsa-miR-6867-3p,CUCUCCCUCUUUACCCACUAG
hsa-miR-126-5p,CAUUAUUACUUUUGGUACGCG
hsa-miR-4651,CGGGGUGGGUGAGGUCGGGC
hsa-miR-4462,UGACACGGAGGGUGGCUUGGGAA
hsa-miR-4731-5p,UGCUGGGGGCCACAUGAGUGUG
hsa-miR-1247-5p,ACCCGUCCCGUUCGUCCCCGGA
hsa-miR-199b-5p,CCCAGUGUUUAGACUAUCUGUUC
hsa-miR-6861-3p,UGGACCUCUCCUCCCCAG
hsa-miR-4659a-3p,UUUCUUCUUAGACAUGGCAACG
hsa-miR-1301-3p,UUGCAGCUGCCUGGGAGUGACUUC
hsa-miR-3619-3p,GGGACCAUCCUGCCUGCUGUGG
hsa-miR-6801-3p,ACCCCUGCCACUCACUGGCC
hsa-miR-210-3p,CUGUGCGUGUGACAGCGGCUGA
hsa-miR-450a-1-3p,AUUGGGAACAUUUUGCAUGUAU
hsa-miR-6736-5p,CUGGGUGAGGGCAUCUGUGGU
hsa-miR-4659b-3p,UUUCUUCUUAGACAUGGCAGCU
hsa-miR-6085,AAGGGGCUGGGGGAGCACA
hsa-miR-6746-3p,CAGCCGCCGCCUGUCUCCACAG
hsa-miR-6077,GGGAAGAGCUGUACGGCCUUC
hsa-miR-6772-5p,UGGGUGUAGGCUGGAGCUGAGG
hsa-miR-4713-3p,UGGGAUCCAGACAGUGGGAGAA
hsa-miR-27a-3p,UUCACAGUGGCUAAGUUCCGC
hsa-miR-362-3p,AACACACCUAUUCAAGGAUUCA
hsa-miR-4529-5p,AGGCCAUCAGCAGUCCAAUGAA
hsa-miR-4506,AAAUGGGUGGUCUGAGGCAA
hsa-miR-1295b-5p,CACCCAGAUCUGCGGCCUAAU
hsa-miR-27b-3p,UUCACAGUGGCUAAGUUCUGC
hsa-miR-130b-5p,ACUCUUUCCCUGUUGCACUAC
hsa-miR-4691-3p,CCAGCCACGGACUGAGAGUGCAU
hsa-miR-450b-3p,UUGGGAUCAUUUUGCAUCCAUA
hsa-miR-128-3p,UCACAGUGAACCGGUCUCUUU
hsa-miR-6822-3p,AGGCUCUAACUGGCUUUCCCUGCA
hsa-miR-4784,UGAGGAGAUGCUGGGACUGA
hsa-miR-326,CCUCUGGGCCCUUCCUCCAG
hsa-miR-3651,CAUAGCCCGGUCGCUGGUACAUGA
hsa-miR-3155a,CCAGGCUCUGCAGUGGGAACU
hsa-miR-3155b,CCAGGCUCUGCAGUGGGA
hsa-miR-125a-5p,UCCCUGAGACCCUUUAACCUGUGA
hsa-miR-3194-3p,AGCUCUGCUGCUCACUGGCAGU
hsa-miR-4745-3p,UGGCCCGGCGACGUCUCACGGUC
hsa-miR-5688,UAACAAACACCUGUAAAACAGC
hsa-miR-7161-3p,UAGAUCUUUGACUCUGGCAGUCUCCAGG
hsa-miR-4787-5p,GCGGGGGUGGCGGCGGCAUCCC
hsa-miR-7109-3p,CAAGCCUCUCCUGCCCUUCCAG
hsa-miR-1304-3p,UCUCACUGUAGCCUCGAACCCC
hsa-miR-6878-3p,CUGGCCUCUUCUUUCUCCUAG
hsa-miR-6833-3p,UUUCUCUCUCCACUUCCUCAG
hsa-miR-6763-3p,CUCCCCGGCCUCUGCCCCCAG
hsa-miR-6796-5p,UUGUGGGGUUGGAGAGCUGGCUG
hsa-miR-125b-5p,UCCCUGAGACCCUAACUUGUGA
hsa-miR-6769b-5p,UGGUGGGUGGGGAGGAGAAGUGC
hsa-miR-6081,AGGAGCAGUGCCGGCCAAGGCGCC
hsa-miR-7703,UUGCACUCUGGCCUUCUCCCAGG
hsa-miR-874-5p,CGGCCCCACGCACCAGGGUAAGA
hsa-miR-4786-3p,UGAAGCCAGCUCUGGUCUGGGC
hsa-miR-3154,CAGAAGGGGAGUUGGGAGCAGA
hsa-miR-4433b-3p,CAGGAGUGGGGGGUGGGACGU
hsa-miR-4467,UGGCGGCGGUAGUUAUGGGCUU
hsa-miR-4524a-3p,UGAGACAGGCUUAUGCUGCUAU
hsa-miR-6891-5p,UAAGGAGGGGGAUGAGGGG
hsa-miR-6742-3p,ACCUGGGUUGUCCCCUCUAG
hsa-miR-188-3p,CUCCCACAUGCAGGGUUUGCA
hsa-miR-3142,AAGGCCUUUCUGAACCUUCAGA
hsa-miR-6813-5p,CAGGGGCUGGGGUUUCAGGUUCU
hsa-miR-597-5p,UGUGUCACUCGAUGACCACUGU
hsa-miR-378j,ACUGGAUUUGGAGCCAGAA
hsa-miR-4436a,GCAGGACAGGCAGAAGUGGAU
hsa-miR-6748-3p,UCCUGUCCCUGUCUCCUACAG
hsa-miR-6764-5p,UCCCAGGGUCUGGUCAGAGUUG
hsa-miR-6748-5p,UGUGGGUGGGAAGGACUGGAUU
hsa-miR-154-3p,AAUCAUACACGGUUGACCUAUU
hsa-miR-1262,AUGGGUGAAUUUGUAGAAGGAU
hsa-miR-143-5p,GGUGCAGUGCUGCAUCUCUGGU
hsa-miR-6514-3p,CUGCCUGUUCUUCCACUCCAG
hsa-miR-6727-5p,CUCGGGGCAGGCGGCUGGGAGCG
hsa-miR-7843-5p,GAGGGCAGAGCCAGCUUCCUGA
hsa-miR-1908-3p,CCGGCCGCCGGCUCCGCCCCG
hsa-miR-6774-5p,ACUUGGGCAGGAGGGACCCUGUAUG
hsa-miR-3662,GAAAAUGAUGAGUAGUGACUGAUG
hsa-miR-5683,UACAGAUGCAGAUUCUCUGACUUC
hsa-miR-6827-3p,ACCGUCUCUUCUGUUCCCCAG
hsa-miR-885-3p,AGGCAGCGGGGUGUAGUGGAUA
hsa-miR-3663-3p,UGAGCACCACACAGGCCGGGCGC
hsa-miR-149-5p,UCUGGCUCCGUGUCUUCACUCCC
hsa-miR-4642,AUGGCAUCGUCCCCUGGUGGCU
hsa-miR-6749-3p,CUCCUCCCCUGCCUGGCCCAG
hsa-miR-1281,UCGCCUCCUCCUCUCCC
hsa-miR-6837-5p,ACCAGGGCCAGCAGGGAAUGU
hsa-miR-221-3p,AGCUACAUUGUCUGCUGGGUUUC
hsa-miR-1470,GCCCUCCGCCCGUGCACCCCG
hsa-miR-495-3p,AAACAAACAUGGUGCACUUCUU
hsa-miR-19b-2-5p,AGUUUUGCAGGUUUGCAUUUCA
hsa-miR-3650,AGGUGUGUCUGUAGAGUCC
hsa-miR-1304-5p,UUUGAGGCUACAGUGAGAUGUG
hsa-miR-335-3p,UUUUUCAUUAUUGCUCCUGACC
hsa-miR-4700-5p,UCUGGGGAUGAGGACAGUGUGU
hsa-miR-3170,CUGGGGUUCUGAGACAGACAGU
hsa-miR-30e-3p,CUUUCAGUCGGAUGUUUACAGC
hsa-miR-3198,GUGGAGUCCUGGGGAAUGGAGA
hsa-miR-1205,UCUGCAGGGUUUGCUUUGAG
hsa-miR-23a-5p,GGGGUUCCUGGGGAUGGGAUUU
hsa-miR-5692c,AAUAAUAUCACAGUAGGUGUAC
hsa-miR-6755-3p,UGUUGUCAUGUUUUUUCCCUAG
hsa-miR-588,UUGGCCACAAUGGGUUAGAAC
hsa-miR-761,GCAGCAGGGUGAAACUGACACA
hsa-miR-6874-5p,AUGGAGCUGGAACCAGAUCAGGC
hsa-miR-4478,GAGGCUGAGCUGAGGAG
hsa-miR-532-3p,CCUCCCACACCCAAGGCUUGCA
hsa-miR-4297,UGCCUUCCUGUCUGUG
hsa-miR-3937,ACAGGCGGCUGUAGCAAUGGGGG
hsa-miR-6772-3p,UUGCUCCUGACUCUGUGCCCACA
hsa-miR-1972,UCAGGCCAGGCACAGUGGCUCA
hsa-miR-6787-3p,UCUCAGCUGCUGCCCUCUCCAG
hsa-miR-627-3p,UCUUUUCUUUGAGACUCACU
hsa-miR-141-5p,CAUCUUCCAGUACAGUGUUGGA
hsa-miR-3163,UAUAAAAUGAGGGCAGUAAGAC
hsa-miR-4447,GGUGGGGGCUGUUGUUU
hsa-miR-29a-3p,UAGCACCAUCUGAAAUCGGUUA
hsa-miR-943,CUGACUGUUGCCGUCCUCCAG
hsa-miR-3116,UGCCUGGAACAUAGUAGGGACU
hsa-miR-3137,UCUGUAGCCUGGGAGCAAUGGGGU
hsa-miR-4487,AGAGCUGGCUGAAGGGCAG
hsa-miR-4768-5p,AUUCUCUCUGGAUCCCAUGGAU
hsa-miR-3972,CUGCCAGCCCCGUUCCAGGGCA
hsa-miR-4782-5p,UUCUGGAUAUGAAGACAAUCAA
hsa-miR-4756-5p,CAGGGAGGCGCUCACUCUCUGCU
hsa-miR-6828-3p,AUCUGCUCUCUUGUUCCCAG
hsa-miR-1197,UAGGACACAUGGUCUACUUCU
hsa-miR-3665,AGCAGGUGCGGGGCGGCG
hsa-miR-6805-5p,UAGGGGGCGGCUUGUGGAGUGU
hsa-miR-205-5p,UCCUUCAUUCCACCGGAGUCUG
hsa-miR-4720-5p,CCUGGCAUAUUUGGUAUAACUU
hsa-miR-605-3p,AGAAGGCACUAUGAGAUUUAGA
hsa-miR-373-3p,GAAGUGCUUCGAUUUUGGGGUGU
hsa-miR-1260a,AUCCCACCUCUGCCACCA
hsa-miR-5580-5p,UGCUGGCUCAUUUCAUAUGUGU
hsa-miR-5589-5p,GGCUGGGUGCUCUUGUGCAGU
hsa-miR-4680-3p,UCUGAAUUGUAAGAGUUGUUA
hsa-miR-4665-3p,CUCGGCCGCGGCGCGUAGCCCCCGCC
hsa-miR-4259,CAGUUGGGUCUAGGGGUCAGGA
hsa-miR-6830-3p,UGUCUUUCUUCUCUCCCUUGCAG
hsa-miR-2467-3p,AGCAGAGGCAGAGAGGCUCAGG
hsa-miR-5196-3p,UCAUCCUCGUCUCCCUCCCAG
hsa-miR-6131,GGCUGGUCAGAUGGGAGUG
hsa-miR-455-3p,GCAGUCCAUGGGCAUAUACAC
hsa-miR-6089,GGAGGCCGGGGUGGGGCGGGGCGG
hsa-miR-3138,UGUGGACAGUGAGGUAGAGGGAGU
hsa-miR-4794,UCUGGCUAUCUCACGAGACUGU
hsa-miR-4430,AGGCUGGAGUGAGCGGAG
hsa-miR-4725-5p,AGACCCUGCAGCCUUCCCACC
hsa-miR-4270,UCAGGGAGUCAGGGGAGGGC
hsa-miR-5008-5p,UGAGGCCCUUGGGGCACAGUGG
hsa-miR-6766-5p,CGGGUGGGAGCAGAUCUUAUUGAG
hsa-miR-6735-5p,CAGGGCAGAGGGCACAGGAAUCUGA
hsa-miR-6854-5p,AAGCUCAGGUUUGAGAACUGCUGA
hsa-miR-3117-3p,AUAGGACUCAUAUAGUGCCAG
hsa-miR-504-3p,GGGAGUGCAGGGCAGGGUUUC
hsa-miR-548j-3p,CAAAAACUGCAUUACUUUUGC
hsa-miR-6775-3p,AGGCCCUGUCCUCUGCCCCAG
hsa-miR-7157-5p,UCAGCAUUCAUUGGCACCAGAGA
hsa-miR-511-5p,GUGUCUUUUGCUCUGCAGUCA
hsa-miR-6728-3p,UCUCUGCUCUGCUCUCCCCAG
hsa-miR-3177-5p,UGUGUACACACGUGCCAGGCGCU
hsa-miR-572,GUCCGCUCGGCGGUGGCCCA
hsa-miR-3140-3p,AGCUUUUGGGAAUUCAGGUAGU
hsa-miR-664a-3p,UAUUCAUUUAUCCCCAGCCUACA
hsa-miR-3135a,UGCCUAGGCUGAGACUGCAGUG
hsa-miR-548aq-3p,CAAAAACUGCAAUUACUUUUGC
hsa-miR-6720-5p,UUCCAGCCCUGGUAGGCGCCGCG
hsa-miR-5692a,CAAAUAAUACCACAGUGGGUGU
hsa-miR-345-3p,GCCCUGAACGAGGGGUCUGGAG
hsa-miR-4494,CCAGACUGUGGCUGACCAGAGG
hsa-miR-892c-5p,UAUUCAGAAAGGUGCCAGUCA
hsa-miR-6783-3p,UUCCUGGGCUUCUCCUCUGUAG
hsa-miR-6804-3p,CGCACCUGCCUCUCACCCACAG
hsa-miR-3918,ACAGGGCCGCAGAUGGAGACU
hsa-miR-663a,AGGCGGGGCGCCGCGGGACCGC
hsa-miR-8073,ACCUGGCAGCAGGGAGCGUCGU
hsa-miR-5100,UUCAGAUCCCAGCGGUGCCUCU
hsa-miR-6762-3p,UGGCUGCUUCCCUUGGUCUCCAG
hsa-miR-4643,GACACAUGACCAUAAAUGCUAA
hsa-miR-4698,UCAAAAUGUAGAGGAAGACCCCA
hsa-miR-5001-3p,UUCUGCCUCUGUCCAGGUCCUU
hsa-miR-153-5p,UCAUUUUUGUGAUGUUGCAGCU
hsa-miR-30d-3p,CUUUCAGUCAGAUGUUUGCUGC
hsa-miR-5684,AACUCUAGCCUGAGCAACAG
hsa-miR-647,GUGGCUGCACUCACUUCCUUC
hsa-miR-6775-5p,UCGGGGCAUGGGGGAGGGAGGCUGG
hsa-miR-7976,UGCCCUGAGACUUUUGCUC
hsa-miR-3157-5p,UUCAGCCAGGCUAGUGCAGUCU
hsa-miR-760,CGGCUCUGGGUCUGUGGGGA
hsa-miR-3145-3p,AGAUAUUUUGAGUGUUUGGAAUUG
hsa-miR-3190-3p,UGUGGAAGGUAGACGGCCAGAGA
hsa-miR-5047,UUGCAGCUGCGGUUGUAAGGU
hsa-miR-4726-3p,ACCCAGGUUCCCUCUGGCCGCA
hsa-miR-4254,GCCUGGAGCUACUCCACCAUCUC
hsa-miR-3127-5p,AUCAGGGCUUGUGGAAUGGGAAG
hsa-miR-3150b-3p,UGAGGAGAUCGUCGAGGUUGG
hsa-miR-9-5p,UCUUUGGUUAUCUAGCUGUAUGA
hsa-miR-1260b,AUCCCACCACUGCCACCAU
hsa-miR-3194-5p,GGCCAGCCACCAGGAGGGCUG
hsa-miR-4677-5p,UUGUUCUUUGGUCUUUCAGCCA
hsa-miR-7112-5p,ACGGGCAGGGCAGUGCACCCUG
hsa-miR-4688,UAGGGGCAGCAGAGGACCUGGG
hsa-miR-6829-5p,UGGGCUGCUGAGAAGGGGCA
hsa-miR-6855-5p,UUGGGGUUUGGGGUGCAGACAUUGC
hsa-miR-3190-5p,UCUGGCCAGCUACGUCCCCA
hsa-miR-1914-5p,CCCUGUGCCCGGCCCACUUCUG
hsa-miR-4298,CUGGGACAGGAGGAGGAGGCAG
hsa-miR-520g-3p,ACAAAGUGCUUCCCUUUAGAGUGU
hsa-miR-6873-5p,CAGAGGGAAUACAGAGGGCAAU
hsa-miR-212-5p,ACCUUGGCUCUAGACUGCUUACU
hsa-miR-372-3p,AAAGUGCUGCGACAUUUGAGCGU
hsa-miR-873-3p,GGAGACUGAUGAGUUCCCGGGA
hsa-miR-1267,CCUGUUGAAGUGUAAUCCCCA
hsa-miR-378i,ACUGGACUAGGAGUCAGAAGG
hsa-miR-4728-3p,CAUGCUGACCUCCCUCCUGCCCCAG
hsa-miR-6769a-5p,AGGUGGGUAUGGAGGAGCCCU
hsa-miR-3926,UGGCCAAAAAGCAGGCAGAGA
hsa-miR-1224-5p,GUGAGGACUCGGGAGGUGG
hsa-miR-181c-5p,AACAUUCAACCUGUCGGUGAGU
hsa-miR-590-3p,UAAUUUUAUGUAUAAGCUAGU
hsa-miR-6805-3p,UUGCUCUGCUCCCCCGCCCCCAG
hsa-miR-505-5p,GGGAGCCAGGAAGUAUUGAUGU
hsa-miR-655-5p,AGAGGUUAUCCGUGUUAUGUUC
hsa-miR-4428,CAAGGAGACGGGAACAUGGAGC
hsa-miR-5195-3p,AUCCAGUUCUCUGAGGGGGCU
hsa-miR-2114-3p,CGAGCCUCAAGCAAGGGACUU
hsa-miR-4310,GCAGCAUUCAUGUCCC
hsa-miR-520h,ACAAAGUGCUUCCCUUUAGAGU
hsa-miR-30a-3p,CUUUCAGUCGGAUGUUUGCAGC
hsa-miR-4641,UGCCCAUGCCAUACUUUUGCCUCA
hsa-miR-4505,AGGCUGGGCUGGGACGGA
hsa-miR-6859-5p,GAGAGGAACAUGGGCUCAGGACA
hsa-miR-7114-5p,UCUGUGGAGUGGGGUGCCUGU
hsa-miR-3139,UAGGAGCUCAACAGAUGCCUGUU
hsa-miR-6760-3p,ACACUGUCCCCUUCUCCCCAG
hsa-miR-422a,ACUGGACUUAGGGUCAGAAGGC
hsa-miR-935,CCAGUUACCGCUUCCGCUACCGC
hsa-miR-185-5p,UGGAGAGAAAGGCAGUUCCUGA
hsa-miR-4306,UGGAGAGAAAGGCAGUA
hsa-miR-4666b,UUGCAUGUCAGAUUGUAAUUCCC
hsa-miR-4515,AGGACUGGACUCCCGGCAGCCC
hsa-miR-1202,GUGCCAGCUGCAGUGGGGGAG
hsa-miR-1292-5p,UGGGAACGGGUUCCGGCAGACGCUG
hsa-miR-766-5p,AGGAGGAAUUGGUGCUGGUCUU
hsa-miR-16-5p,UAGCAGCACGUAAAUAUUGGCG
hsa-miR-4674,CUGGGCUCGGGACGCGCGGCU
hsa-miR-6871-5p,CAUGGGAGUUCGGGGUGGUUGC
hsa-miR-1291,UGGCCCUGACUGAAGACCAGCAGU
hsa-miR-622,ACAGUCUGCUGAGGUUGGAGC
hsa-miR-6719-3p,UCUGACAUCAGUGAUUCUCCUG
hsa-miR-623,AUCCCUUGCAGGGGCUGUUGGGU
hsa-miR-106a-5p,AAAAGUGCUUACAGUGCAGGUAG
hsa-miR-17-5p,CAAAGUGCUUACAGUGCAGGUAG
hsa-miR-20a-5p,UAAAGUGCUUAUAGUGCAGGUAG
hsa-miR-106b-5p,UAAAGUGCUGACAGUGCAGAU
hsa-miR-4712-5p,UCCAGUACAGGUCUCUCAUUUC
hsa-miR-20b-5p,CAAAGUGCUCAUAGUGCAGGUAG
hsa-miR-6780b-3p,UCCCUUGUCUCCUUUCCCUAG
hsa-miR-4725-3p,UGGGGAAGGCGUCAGUGUCGGG
hsa-miR-200c-5p,CGUCUUACCCAGCAGUGUUUGG
hsa-miR-541-3p,UGGUGGGCACAGAAUCUGGACU
hsa-miR-93-5p,CAAAGUGCUGUUCGUGCAGGUAG
hsa-miR-1225-3p,UGAGCCCCUGUGCCGCCCCCAG
hsa-miR-6894-5p,AGGAGGAUGGAGAGCUGGGCCAGA
hsa-miR-7843-3p,AUGAAGCCUUCUCUGCCUUACG
hsa-miR-548aa,AAAAACCACAAUUACUUUUGCACCA
hsa-miR-548t-3p,AAAAACCACAAUUACUUUUGCACCA
hsa-miR-1251-3p,CGCUUUGCUCAGCCAGUGUAG
hsa-miR-329-5p,GAGGUUUUCUGGGUUUCUGUUUC
hsa-miR-370-5p,CAGGUCACGUCUCUGCAGUUAC
hsa-miR-4512,CAGGGCCUCACUGUAUCGCCCA
hsa-miR-4684-5p,CUCUCUACUGACUUGCAACAUA
hsa-miR-1249-3p,ACGCCCUUCCCCCCCUUCUUCA
hsa-miR-4772-3p,CCUGCAACUUUGCCUGAUCAGA
hsa-miR-1246,AAUGGAUUUUUGGAGCAGG
hsa-miR-4776-5p,GUGGACCAGGAUGGCAAGGGCU
hsa-miR-548s,AUGGCCAAAACUGCAGUUAUUUU
hsa-miR-6760-5p,CAGGGAGAAGGUGGAAGUGCAGA
hsa-miR-330-5p,UCUCUGGGCCUGUGUCUUAGGC
hsa-miR-369-3p,AAUAAUACAUGGUUGAUCUUU
hsa-miR-6508-3p,UGGGCCAUGCAUUUCUAGAACU
hsa-miR-548c-3p,CAAAAAUCUCAAUUACUUUUGC
hsa-miR-6724-5p,CUGGGCCCGCGGCGGGCGUGGGG
hsa-miR-1270,CUGGAGAUAUGGAAGAGCUGUGU
hsa-miR-6810-5p,AUGGGGACAGGGAUCAGCAUGGC
hsa-miR-653-3p,UUCACUGGAGUUUGUUUCAAUA
hsa-miR-7113-5p,UCCAGGGAGACAGUGUGUGAG
hsa-miR-593-5p,AGGCACCAGCCAGGCAUUGCUCAGC
hsa-miR-1538,CGGCCCGGGCUGCUGCUGUUCCU
hsa-miR-4493,AGAAGGCCUUUCCAUCUCUGU
hsa-miR-4539,GCUGAACUGGGCUGAGCUGGGC
hsa-miR-3189-3p,CCCUUGGGUCUGAUGGGGUAG
hsa-miR-651-3p,AAAGGAAAGUGUAUCCUAAAAG
hsa-miR-6819-5p,UUGGGGUGGAGGGCCAAGGAGC
hsa-miR-6732-3p,UAACCCUGUCCUCUCCCUCCCAG
hsa-miR-744-5p,UGCGGGGCUAGGGCUAACAGCA
hsa-miR-3909,UGUCCUCUAGGGCCUGCAGUCU
hsa-miR-513a-3p,UAAAUUUCACCUUUCUGAGAAGG
hsa-miR-513c-3p,UAAAUUUCACCUUUCUGAGAAGA
hsa-miR-6779-3p,AAGCCCUGUCUCCUCCCAUCU
hsa-miR-6738-3p,CUUCUGCCUGCAUUCUACUCCCAG
hsa-miR-873-5p,GCAGGAACUUGUGAGUCUCCU
hsa-miR-3158-5p,CCUGCAGAGAGGAAGCCCUUC
hsa-miR-6776-5p,UCUGGGUGCAGUGGGGGUU
hsa-miR-331-3p,GCCCCUGGGCCUAUCCUAGAA
hsa-miR-548ah-3p,CAAAAACUGCAGUUACUUUUGC
hsa-miR-548am-3p,CAAAAACUGCAGUUACUUUUGU
hsa-miR-6729-5p,UGGGCGAGGGCGGCUGAGCGGC
hsa-miR-6504-3p,CAUUACAGCACAGCCAUUCU
hsa-miR-4767,CGCGGGCGCUCCUGGCCGCCGCC
hsa-miR-8072,GGCGGCGGGGAGGUAGGCAG
hsa-miR-182-3p,UGGUUCUAGACUUGCCAACUA
hsa-miR-5699-3p,UCCUGUCUUUCCUUGUUGGAGC
hsa-miR-3156-5p,AAAGAUCUGGAAGUGGGAGACA
hsa-miR-6780b-5p,UGGGGAAGGCUUGGCAGGGAAGA
hsa-miR-433-3p,AUCAUGAUGGGCUCCUCGGUGU
hsa-miR-4743-3p,UUUCUGUCUUUUCUGGUCCAG
hsa-miR-548ap-3p,AAAAACCACAAUUACUUUU
hsa-miR-6769b-3p,CCCUCUCUGUCCCACCCAUAG
hsa-miR-8089,CCUGGGGACAGGGGAUUGGGGCAG
hsa-miR-136-5p,ACUCCAUUUGUUUUGAUGAUGGA
hsa-miR-185-3p,AGGGGCUGGCUUUCCUCUGGUC
hsa-miR-2355-3p,AUUGUCCUUGCUGUUUGGAGAU
hsa-miR-3664-3p,UCUCAGGAGUAAAGACAGAGUU
hsa-miR-548ab,AAAAGUAAUUGUGGAUUUUGCU
hsa-miR-29a-5p,ACUGAUUUCUUUUGGUGUUCAG
hsa-miR-374a-5p,UUAUAAUACAACCUGAUAAGUG
hsa-miR-5009-5p,UUGGACUUUUUCAGAUUUGGGGAU
hsa-miR-376c-3p,AACAUAGAGGAAAUUCCACGU
hsa-miR-4514,ACAGGCAGGAUUGGGGAA
hsa-miR-3664-5p,AACUCUGUCUUCACUCAUGAGU
hsa-miR-3148,UGGAAAAAACUGGUGUGUGCUU
hsa-miR-433-5p,UACGGUGAGCCUGUCAUUAUUC
hsa-miR-5006-5p,UUGCCAGGGCAGGAGGUGGAA
hsa-miR-3609,CAAAGUGAUGAGUAAUACUGGCUG
hsa-miR-6784-5p,GCCGGGGCUUUGGGUGAGGG
hsa-miR-7974,AGGCUGUGAUGCUCUCCUGAGCCC
hsa-miR-4786-5p,UGAGACCAGGACUGGAUGCACC
hsa-miR-634,AACCAGCACCCCAACUUUGGAC
hsa-miR-6771-3p,CAAACCCCUGUCUACCCGCAG
hsa-miR-1908-5p,CGGCGGGGACGGCGAUUGGUC
hsa-miR-3677-5p,CAGUGGCCAGAGCCCUGCAGUG
hsa-miR-4755-3p,AGCCAGGCUCUGAAGGGAAAGU
hsa-miR-6815-5p,UAGGUGGCGCCGGAGGAGUCAUU
hsa-miR-1273h-3p,CUGCAGACUCGACCUCCCAGGC
hsa-miR-221-5p,ACCUGGCAUACAAUGUAGAUUU
hsa-miR-139-3p,UGGAGACGCGGCCCUGUUGGAGU
hsa-miR-4488,AGGGGGCGGGCUCCGGCG
hsa-miR-4524b-3p,GAGACAGGUUCAUGCUGCUA
hsa-miR-5572,GUUGGGGUGCAGGGGUCUGCU
hsa-miR-6859-3p,UGACCCCCAUGUCGCCUCUGUAG
hsa-miR-711,GGGACCCAGGGAGAGACGUAAG
hsa-miR-3173-3p,AAAGGAGGAAAUAGGCAGGCCA
hsa-miR-371a-5p,ACUCAAACUGUGGGGGCACU
hsa-miR-3158-3p,AAGGGCUUCCUCUCUGCAGGAC
hsa-miR-4286,ACCCCACUCCUGGUACC
hsa-miR-4796-5p,UGUCUAUACUCUGUCACUUUAC
hsa-miR-550a-3p,UGUCUUACUCCCUCAGGCACAU
hsa-miR-8065,UGUAGGAACAGUUGAAUUUUGGCU
hsa-miR-6769a-3p,GAGCCCCUCUCUGCUCUCCAG
hsa-miR-6844,UUCUUUGUUUUUAAUUCACAG
hsa-miR-769-3p,CUGGGAUCUCCGGGGUCUUGGUU
hsa-miR-1237-3p,UCCUUCUGCUCCGUCCCCCAG
hsa-miR-4529-3p,AUUGGACUGCUGAUGGCCCGU
hsa-miR-4763-5p,CGCCUGCCCAGCCCUCCUGCU
hsa-miR-508-5p,UACUCCAGAGGGCGUCACUCAUG
hsa-miR-607,GUUCAAAUCCAGAUCUAUAAC
hsa-miR-7155-5p,UCUGGGGUCUUGGGCCAUC
hsa-miR-30c-2-3p,CUGGGAGAAGGCUGUUUACUCU
hsa-miR-4793-3p,UCUGCACUGUGAGUUGGCUGGCU
hsa-miR-5692b,AAUAAUAUCACAGUAGGUGU
hsa-miR-1915-5p,ACCUUGCCUUGCUGCCCGGGCC
hsa-miR-7515,AGAAGGGAAGAUGGUGAC
hsa-miR-145-5p,GUCCAGUUUUCCCAGGAAUCCCU
hsa-miR-6843-3p,AUGGUCUCCUGUUCUCUGCAG
hsa-miR-4314,CUCUGGGAAAUGGGACAG
hsa-miR-4267,UCCAGCUCGGUGGCAC
hsa-miR-5580-3p,CACAUAUGAAGUGAGCCAGCAC
hsa-miR-6877-3p,CAGCCUCUGCCCUUGGCCUCC
hsa-miR-6730-3p,CCUGACACCCCAUCUGCCCUCA
hsa-miR-676-3p,CUGUCCUAAGGUUGUUGAGUU
hsa-miR-2054,CUGUAAUAUAAAUUUAAUUUAUU
hsa-miR-29c-3p,UAGCACCAUUUGAAAUCGGUUA
hsa-miR-3120-5p,CCUGUCUGUGCCUGCUGUACA
hsa-miR-6868-5p,ACUGGCAGAACACUGAAGCAGC
hsa-miR-378f,ACUGGACUUGGAGCCAGAAG
hsa-miR-4747-5p,AGGGAAGGAGGCUUGGUCUUAG
hsa-miR-655-3p,AUAAUACAUGGUUAACCUCUUU
hsa-miR-6845-5p,CGGGGCCAGAGCAGAGAGC
hsa-miR-4679,UCUGUGAUAGAGAUUCUUUGCU
hsa-miR-3652,CGGCUGGAGGUGUGAGGA
hsa-miR-6852-3p,UGUCCUCUGUUCCUCAG
hsa-miR-3614-5p,CCACUUGGAUCUGAAGGCUGCCC
hsa-miR-3974,AAAGGUCAUUGUAAGGUUAAUGC
hsa-miR-8063,UCAAAAUCAGGAGUCGGGGCUU
hsa-miR-3144-5p,AGGGGACCAAAGAGAUAUAUAG
hsa-miR-3620-3p,UCACCCUGCAUCCCGCACCCAG
hsa-miR-4420,GUCACUGAUGUCUGUAGCUGAG
hsa-miR-6072,UCCUCAUCACACUGCACCUUAG
hsa-miR-559,UAAAGUAAAUAUGCACCAAAA
hsa-miR-1537-5p,AGCUGUAAUUAGUCAGUUUUCU
hsa-miR-340-3p,UCCGUCUCAGUUACUUUAUAGC
hsa-miR-3654,GACUGGACAAGCUGAGGAA
hsa-miR-374b-5p,AUAUAAUACAACCUGCUAAGUG
hsa-miR-382-3p,AAUCAUUCACGGACAACACUU
hsa-miR-6858-5p,GUGAGGAGGGGCUGGCAGGGAC
hsa-miR-135b-5p,UAUGGCUUUUCAUUCCUAUGUGA
hsa-miR-6780a-3p,CUCCUCUGUUUUCUUUCCUAG
hsa-miR-6807-3p,CACUGCAUUCCUGCUUGGCCCAG
hsa-miR-328-3p,CUGGCCCUCUCUGCCCUUCCGU
hsa-miR-4502,GCUGAUGAUGAUGGUGCUGAAG
hsa-miR-668-3p,UGUCACUCGGCUCGGCCCACUAC
hsa-miR-1268b,CGGGCGUGGUGGUGGGGGUG
hsa-miR-4779,UAGGAGGGAAUAGUAAAAGCAG
hsa-miR-1200,CUCCUGAGCCAUUCUGAGCCUC
hsa-miR-519d-5p,CCUCCAAAGGGAAGCGCUUUCUGUU
hsa-miR-7107-3p,UGGUCUGUUCAUUCUCUCUUUUUGGCC
hsa-miR-378a-5p,CUCCUGACUCCAGGUCCUGUGU
hsa-miR-671-5p,AGGAAGCCCUGGAGGGGCUGGAG
hsa-miR-1182,GAGGGUCUUGGGAGGGAUGUGAC
hsa-miR-432-5p,UCUUGGAGUAGGUCAUUGGGUGG
hsa-miR-4421,ACCUGUCUGUGGAAAGGAGCUA
hsa-miR-302b-3p,UAAGUGCUUCCAUGUUUUAGUAG
hsa-miR-3143,AUAACAUUGUAAAGCGCUUCUUUCG
hsa-miR-1272,GAUGAUGAUGGCAGCAAAUUCUGAAA
hsa-miR-3943,UAGCCCCCAGGCUUCACUUGGCG
hsa-miR-4479,CGCGCGGCCGUGCUCGGAGCAG
hsa-miR-448,UUGCAUAUGUAGGAUGUCCCAU
hsa-miR-4668-5p,AGGGAAAAAAAAAAGGAUUUGUC
hsa-miR-5093,AGGAAAUGAGGCUGGCUAGGAGC
hsa-miR-548ae-3p,CAAAAACUGCAAUUACUUUCA
hsa-miR-548aj-3p,UAAAAACUGCAAUUACUUUUA
hsa-miR-596,AAGCCUGCCCGGCUCCUCGGG
hsa-miR-424-5p,CAGCAGCAAUUCAUGUUUUGAA
hsa-miR-595,GAAGUGUGCCGUGGUGUGUCU
hsa-miR-1226-3p,UCACCAGCCCUGUGUUCCCUAG
hsa-miR-2392,UAGGAUGGGGGUGAGAGGUG
hsa-miR-4273,GUGUUCUCUGAUGGACAG
hsa-miR-367-3p,AAUUGCACUUUAGCAAUGGUGA
hsa-miR-4632-3p,UGCCGCCCUCUCGCUGCUCUAG
hsa-miR-4660,UGCAGCUCUGGUGGAAAAUGGAG
hsa-miR-19b-1-5p,AGUUUUGCAGGUUUGCAUCCAGC
hsa-miR-302a-3p,UAAGUGCUUCCAUGUUUUGGUGA
hsa-miR-502-3p,AAUGCACCUGGGCAAGGAUUCA
hsa-miR-518c-5p,UCUCUGGAGGGAAGCACUUUCUG
hsa-miR-3529-3p,AACAACAAAAUCACUAGUCUUCCA
hsa-miR-4706,AGCGGGGAGGAAGUGGGCGCUGCUU
hsa-miR-5008-3p,CCUGUGCUCCCAGGGCCUCGC
hsa-miR-544b,ACCUGAGGUUGUGCAUUUCUAA
hsa-miR-670-3p,UUUCCUCAUAUUCAUUCAGGA
hsa-miR-15a-5p,UAGCAGCACAUAAUGGUUUGUG
hsa-miR-423-5p,UGAGGGGCAGAGAGCGAGACUUU
hsa-miR-4307,AAUGUUUUUUCCUGUUUCC
hsa-miR-492,AGGACCUGCGGGACAAGAUUCUU
hsa-miR-4689,UUGAGGAGACAUGGUGGGGGCC
hsa-miR-4762-3p,CUUCUGAUCAAGAUUUGUGGUG
hsa-miR-4796-3p,UAAAGUGGCAGAGUAUAGACAC
hsa-miR-548bb-3p,CAAAAACCAUAGUUACUUUUGC
hsa-miR-573,CUGAAGUGAUGUGUAACUGAUCAG
hsa-miR-6874-3p,CAGUUCUGCUGUUCUGACUCUAG
hsa-miR-1181,CCGUCGCCGCCACCCGAGCCG
hsa-miR-3679-3p,CUUCCCCCCAGUAAUCUUCAUC
hsa-miR-4667-5p,ACUGGGGAGCAGAAGGAGAACC
hsa-miR-4768-3p,CCAGGAGAUCCAGAGAGAAU
hsa-miR-551b-5p,GAAAUCAAGCGUGGGUGAGACC
hsa-miR-4474-3p,UUGUGGCUGGUCAUGAGGCUAA
hsa-miR-3615,UCUCUCGGCUCCUCGCGGCUC
hsa-miR-4695-5p,CAGGAGGCAGUGGGCGAGCAGG
hsa-miR-494-5p,AGGUUGUCCGUGUUGUCUUCUCU
hsa-miR-548u,CAAAGACUGCAAUUACUUUUGCG
hsa-miR-548x-3p,UAAAAACUGCAAUUACUUUC
hsa-miR-767-5p,UGCACCAUGGUUGUCUGAGCAUG
hsa-miR-19a-5p,AGUUUUGCAUAGUUGCACUACA
hsa-miR-1268a,CGGGCGUGGUGGUGGGGG
hsa-miR-302d-3p,UAAGUGCUUCCAUGUUUGAGUGU
hsa-miR-3911,UGUGUGGAUCCUGGAGGAGGCA
hsa-miR-4436b-3p,CAGGGCAGGAAGAAGUGGACAA
hsa-miR-4458,AGAGGUAGGUGUGGAAGAA
hsa-miR-4466,GGGUGCGGGCCGGCGGGG
hsa-miR-4690-5p,GAGCAGGCGAGGCUGGGCUGAA
hsa-miR-511-3p,AAUGUGUAGCAAAAGACAGA
hsa-miR-5705,UGUUUCGGGGCUCAUGGCCUGUG
hsa-miR-6864-5p,UUGAAGGGACAAGUCAGAUAUGCC
hsa-miR-302c-3p,UAAGUGCUUCCAUGUUUCAGUGG
hsa-miR-3147,GGUUGGGCAGUGAGGAGGGUGUGA
hsa-miR-4675,GGGGCUGUGAUUGACCAGCAGG
hsa-miR-135a-5p,UAUGGCUUUUUAUUCCUAUGUGA
hsa-miR-34c-5p,AGGCAGUGUAGUUAGCUGAUUGC
hsa-miR-5693,GCAGUGGCUCUGAAAUGAACUC
hsa-miR-6739-5p,UGGGAAAGAGAAAGAACAAGUA
hsa-miR-7156-3p,CUGCAGCCACUUGGGGAACUGGU
hsa-miR-4649-5p,UGGGCGAGGGGUGGGCUCUCAGAG
hsa-miR-654-5p,UGGUGGGCCGCAGAACAUGUGC
hsa-miR-6737-5p,UUGGGGUGGUCGGCCCUGGAG
hsa-miR-1199-3p,UGCGGCCGGUGCUCAACCUGC
hsa-miR-3184-5p,UGAGGGGCCUCAGACCGAGCUUUU
hsa-miR-4707-3p,AGCCCGCCCCAGCCGAGGUUCU
hsa-miR-639,AUCGCUGCGGUUGCGAGCGCUGU
hsa-miR-130a-5p,GCUCUUUUCACAUUGUGCUACU
hsa-miR-362-5p,AAUCCUUGGAACCUAGGUGUGAGU
hsa-miR-4701-5p,UUGGCCACCACACCUACCCCUU
hsa-miR-548n,CAAAAGUAAUUGUGGAUUUUGU
hsa-miR-578,CUUCUUGUGCUCUAGGAUUGU
hsa-miR-6786-5p,GCGGUGGGGCCGGAGGGGCGU
hsa-miR-6820-5p,UGCGGCAGAGCUGGGGUCA
hsa-miR-193a-5p,UGGGUCUUUGCGGGCGAGAUGA
hsa-miR-22-5p,AGUUCUUCAGUGGCAAGCUUUA
hsa-miR-2277-5p,AGCGCGGGCUGAGCGCUGCCAGUC
hsa-miR-591,AGACCAUGGGUUCUCAUUGU
hsa-miR-1204,UCGUGGCCUGGUCUCCAUUAU
hsa-miR-1468-3p,AGCAAAAUAAGCAAAUGGAAAA
hsa-miR-27b-5p,AGAGCUUAGCUGAUUGGUGAAC
hsa-miR-4282,UAAAAUUUGCAUCCAGGA
hsa-miR-548at-5p,AAAAGUUAUUGCGGUUUUGGCU
hsa-miR-6715b-5p,ACAGGCACGACUGGUUUGGCA
hsa-miR-874-3p,CUGCCCUGGCCCGAGGGACCGA
hsa-miR-6759-5p,UUGUGGGUGGGCAGAAGUCUGU
hsa-miR-1910-3p,GAGGCAGAAGCAGGAUGACA
hsa-miR-194-3p,CCAGUGGGGCUGCUGUUAUCUG
hsa-miR-323b-5p,AGGUUGUCCGUGGUGAGUUCGCA
hsa-miR-3936,UAAGGGGUGUAUGGCAGAUGCA
hsa-miR-5090,CCGGGGCAGAUUGGUGUAGGGUG
hsa-miR-296-5p,AGGGCCCCCCCUCAAUCCUGU
hsa-miR-3922-3p,UCUGGCCUUGACUUGACUCUUU
hsa-miR-3927-3p,CAGGUAGAUAUUUGAUAGGCAU
hsa-miR-4803,UAACAUAAUAGUGUGGAUUGA
hsa-miR-8075,UGCUGAUGGCAGAUGUCGGGUCUG
hsa-miR-1227-5p,GUGGGGCCAGGCGGUGG
hsa-miR-143-3p,UGAGAUGAAGCACUGUAGCUC
hsa-miR-23b-5p,UGGGUUCCUGGCAUGCUGAUUU
hsa-miR-3162-5p,UUAGGGAGUAGAAGGGUGGGGAG
hsa-miR-3606-3p,AAAAUUUCUUUCACUACUUAG
hsa-miR-6506-5p,ACUGGGAUGUCACUGAAUAUGGU
hsa-miR-6878-5p,AGGGAGAAAGCUAGAAGCUGAAG
hsa-miR-1228-5p,GUGGGCGGGGGCAGGUGUGUG
hsa-miR-296-3p,GAGGGUUGGGUGGAGGCUCUCC
hsa-miR-4441,ACAGGGAGGAGAUUGUA
hsa-miR-4665-5p,CUGGGGGACGCGUGAGCGCGAGC
hsa-miR-593-3p,UGUCUCUGCUGGGGUUUCU
hsa-miR-6511b-5p,CUGCAGGCAGAAGUGGGGCUGACA
hsa-miR-7160-3p,CAGGGCCCUGGCUUUAGCAGA
hsa-miR-940,AAGGCAGGGCCCCCGCUCCCC
hsa-miR-597-3p,UGGUUCUCUUGUGGCUCAAGCGU
hsa-miR-6126,GUGAAGGCCCGGCGGAGA
hsa-miR-8082,UGAUGGAGCUGGGAAUACUCUG
hsa-miR-1179,AAGCAUUCUUUCAUUGGUUGG
hsa-miR-4748,GAGGUUUGGGGAGGAUUUGCU
hsa-miR-518e-5p,CUCUAGAGGGAAGCGCUUUCUG
hsa-miR-519a-5p,CUCUAGAGGGAAGCGCUUUCUG
hsa-miR-519b-5p,CUCUAGAGGGAAGCGCUUUCUG
hsa-miR-519c-5p,CUCUAGAGGGAAGCGCUUUCUG
hsa-miR-522-5p,CUCUAGAGGGAAGCGCUUUCUG
hsa-miR-523-5p,CUCUAGAGGGAAGCGCUUUCUG
hsa-miR-6781-3p,UGCCUCUUUUCCACGGCCUCAG
hsa-miR-8081,CUUGAGUCGUGCCUUUCUGAAUG
hsa-miR-15b-3p,CGAAUCAUUAUUUGCUGCUCUA
hsa-miR-3121-3p,UAAAUAGAGUAGGCAAAGGACA
hsa-miR-4492,GGGGCUGGGCGCGCGCC
hsa-miR-4742-5p,UCAGGCAAAGGGAUAUUUACAGA
hsa-miR-5696,CUCAUUUAAGUAGUCUGAUGCC
hsa-miR-6749-5p,UCGGGCCUGGGGUUGGGGGAGC
hsa-miR-6799-3p,UGCCCUGCAUGGUGUCCCCACAG
hsa-miR-150-3p,CUGGUACAGGCCUGGGGGACAG
hsa-miR-3939,UACGCGCAGACCACAGGAUGUC
hsa-miR-6165,CAGCAGGAGGUGAGGGGAG
hsa-miR-6761-5p,UCUGAGAGAGCUCGAUGGCAG
hsa-miR-6789-5p,GUAGGGGCGUCCCGGGCGCGCGGG
hsa-miR-6817-3p,UCUCUCUGACUCCAUGGCA
hsa-miR-3173-5p,UGCCCUGCCUGUUUUCUCCUUU
hsa-miR-3200-3p,CACCUUGCGCUACUCAGGUCUG
hsa-miR-3977,GUGCUUCAUCGUAAUUAACCUUA
hsa-miR-4448,GGCUCCUUGGUCUAGGGGUA
hsa-miR-548d-5p,AAAAGUAAUUGUGGUUUUUGCC
hsa-miR-3677-3p,CUCGUGGGCUCUGGCCACGGCC
hsa-miR-449a,UGGCAGUGUAUUGUUAGCUGGU
hsa-miR-449b-5p,AGGCAGUGUAUUGUUAGCUGGC
hsa-miR-4525,GGGGGGAUGUGCAUGCUGGUU
hsa-miR-92a-2-5p,GGGUGGGGAUUUGUUGCAUUAC
hsa-miR-555,AGGGUAAGCUGAACCUCUGAU
hsa-miR-6869-3p,CGCCGCGCGCAUCGGCUCAGC
hsa-miR-1271-3p,AGUGCCUGCUAUGUGCCAGGCA
hsa-miR-205-3p,GAUUUCAGUGGAGUGAAGUUC
hsa-miR-4527,UGGUCUGCAAAGAGAUGACUGU
hsa-miR-4687-5p,CAGCCCUCCUCCCGCACCCAAA
hsa-miR-483-3p,UCACUCCUCUCCUCCCGUCUU
hsa-miR-6510-5p,CAGCAGGGGAGAGAGAGGAGUC
hsa-miR-6837-3p,CCUUCACUGUGACUCUGCUGCAG
hsa-miR-6858-3p,CAGCCAGCCCCUGCUCACCCCU
hsa-miR-34a-5p,UGGCAGUGUCUUAGCUGGUUGU
hsa-miR-3934-5p,UCAGGUGUGGAAACUGAGGCAG
hsa-miR-1229-5p,GUGGGUAGGGUUUGGGGGAGAGCG
hsa-miR-148b-5p,AAGUUCUGUUAUACACUCAGGC
hsa-miR-195-5p,UAGCAGCACAGAAAUAUUGGC
hsa-miR-196a-3p,CGGCAACAAGAAACUGCCUGAG
hsa-miR-3065-5p,UCAACAAAAUCACUGAUGCUGGA
hsa-miR-548e-5p,CAAAAGCAAUCGCGGUUUUUGC
hsa-miR-5584-5p,CAGGGAAAUGGGAAGAACUAGA
hsa-miR-1245b-5p,UAGGCCUUUAGAUCACUUAAA
hsa-miR-1269a,CUGGACUGAGCCGUGCUACUGG
hsa-miR-377-5p,AGAGGUUGCCCUUGGUGAAUUC
hsa-miR-5089-5p,GUGGGAUUUCUGAGUAGCAUC
hsa-miR-5197-5p,CAAUGGCACAAACUCAUUCUUGA
hsa-miR-6865-5p,UAGGUGGCAGAGGAGGGACUUCA
hsa-miR-128-1-5p,CGGGGCCGUAGCACUGUCUGAGA
hsa-miR-3074-5p,GUUCCUGCUGAACUGAGCCAG
hsa-miR-346,UGUCUGCCCGCAUGCCUGCCUCU
hsa-miR-4284,GGGCUCACAUCACCCCAU
hsa-miR-4287,UCUCCCUUGAGGGCACUUU
hsa-miR-6086,GGAGGUUGGGAAGGGCAGAG
hsa-miR-6781-5p,CGGGCCGGAGGUCAAGGGCGU
hsa-miR-4301,UCCCACUACUUCACUUGUGA
hsa-miR-5584-3p,UAGUUCUUCCCUUUGCCCAAUU
hsa-miR-6763-5p,CUGGGGAGUGGCUGGGGAG
hsa-miR-7107-5p,UCGGCCUGGGGAGGAGGAAGGG
hsa-miR-9500,AAGGGAAGAUGGUGACCAC
hsa-miR-378b,ACUGGACUUGGAGGCAGAA
hsa-miR-4757-5p,AGGCCUCUGUGACGUCACGGUGU
hsa-miR-33a-3p,CAAUGUUUCCACAGUGCAUCAC
hsa-miR-6857-5p,UUGGGGAUUGGGUCAGGCCAGU
hsa-miR-339-5p,UCCCUGUCCUCCAGGAGCUCACG
hsa-miR-4482-5p,AACCCAGUGGGCUAUGGAAAUG
hsa-miR-4741,CGGGCUGUCCGGAGGGGUCGGCU
hsa-miR-4446-5p,AUUUCCCUGCCAUUCCCUUGGC
hsa-miR-586,UAUGCAUUGUAUUUUUAGGUCC
hsa-miR-1208,UCACUGUUCAGACAGGCGGA
hsa-miR-1233-3p,UGAGCCCUGUCCUCCCGCAG
hsa-miR-17-3p,ACUGCAGUGAAGGCACUUGUAG
hsa-miR-21-3p,CAACACCAGUCGAUGGGCUGU
hsa-miR-181b-2-3p,CUCACUGAUCAAUGAAUGCA
hsa-miR-3183,GCCUCUCUCGGAGUCGCUCGGA
hsa-miR-7977,UUCCCAGCCAACGCACCA
hsa-miR-1247-3p,CCCCGGGAACGUCGAGACUGGAGC
hsa-miR-4722-3p,ACCUGCCAGCACCUCCCUGCAG
hsa-miR-4328,CCAGUUUUCCCAGGAUU
hsa-miR-4653-5p,UCUCUGAGCAAGGCUUAACACC
hsa-miR-22-3p,AAGCUGCCAGUUGAAGAACUGU
hsa-miR-3914,AAGGAACCAGAAAAUGAGAAGU
hsa-miR-1285-5p,GAUCUCACUUUGUUGCCCAGG
hsa-miR-4769-3p,UCUGCCAUCCUCCCUCCCCUAC
hsa-miR-520c-3p,AAAGUGCUUCCUUUUAGAGGGU
hsa-miR-6770-5p,UGAGAAGGCACAGCUUGCACGUGA
hsa-miR-6811-3p,AGCCUGUGCUUGUCCCUGCAG
hsa-miR-4760-3p,AAAUUCAUGUUCAAUCUAAACC
hsa-miR-6866-3p,GAUCCCUUUAUCUGUCCUCUAG
hsa-miR-543,AAACAUUCGCGGUGCACUUCUU
hsa-miR-609,AGGGUGUUUCUCUCAUCUCU
hsa-miR-1287-3p,CUCUAGCCACAGAUGCAGUGAU
hsa-miR-450b-5p,UUUUGCAAUAUGUUCCUGAAUA
hsa-miR-5585-3p,CUGAAUAGCUGGGACUACAGGU
hsa-miR-4537,UGAGCCGAGCUGAGCUUAGCUG
hsa-miR-520d-3p,AAAGUGCUUCUCUUUGGUGGGU
hsa-miR-548a-3p,CAAAACUGGCAAUUACUUUUGC
hsa-miR-548i,AAAAGUAAUUGCGGAUUUUGCC
hsa-miR-1234-3p,UCGGCCUGACCACCCACCCCAC
hsa-miR-5088-5p,CAGGGCUCAGGGAUUGGAUGGAGG
hsa-miR-520f-3p,AAGUGCUUCCUUUUAGAGGGUU
hsa-miR-4711-3p,CGUGUCUUCUGGCUUGAU
hsa-miR-3925-5p,AAGAGAACUGAAAGUGGAGCCU
hsa-miR-548az-3p,AAAAACUGCAAUCACUUUUGC
hsa-miR-548az-5p,CAAAAGUGAUUGUGGUUUUUGC
hsa-miR-8070,AUGUGAUUGACGGCUGACUCCA
hsa-miR-6847-5p,ACAGAGGACAGUGGAGUGUGAGC
hsa-miR-548b-5p,AAAAGUAAUUGUGGUUUUGGCC
hsa-miR-1292-3p,UCGCGCCCCGGCUCCCGUUC
hsa-miR-6739-3p,AUUGUUCUGUCUUUCUCCCAG
hsa-miR-4758-3p,UGCCCCACCUGCUGACCACCCUC
hsa-miR-891a-3p,AGUGGCACAUGUUUGUUGUGAG
hsa-miR-548am-5p,AAAAGUAAUUGCGGUUUUUGCC
hsa-miR-548as-5p,AAAAGUAAUUGCGGGUUUUGCC
hsa-miR-548c-5p,AAAAGUAAUUGCGGUUUUUGCC
hsa-miR-548o-5p,AAAAGUAAUUGCGGUUUUUGCC
hsa-miR-3185,AGAAGAAGGCGGUCGGUCUGCGG
hsa-miR-3189-5p,UGCCCCAUCUGUGCCCUGGGUAGGA
hsa-miR-4703-5p,UAGCAAUACAGUACAAAUAUAGU
hsa-miR-6836-3p,AUGCCUCCCCCGGCCCCGCAG
hsa-miR-2113,AUUUGUGCUUGGCUCUGUCAC
hsa-miR-631,AGACCUGGCCCAGACCUCAGC
hsa-miR-193b-5p,CGGGGUUUUGAGGGCGAGAUGA
hsa-miR-29b-1-5p,GCUGGUUUCAUAUGGUGGUUUAGA
hsa-miR-548ay-5p,AAAAGUAAUUGUGGUUUUUGC
hsa-miR-6773-5p,UUGGGCCCAGGAGUAAACAGGAU
hsa-miR-15b-5p,UAGCAGCACAUCAUGGUUUACA
hsa-miR-3616-5p,AUGAAGUGCACUCAUGAUAUGU
hsa-miR-4425,UGUUGGGAUUCAGCAGGACCAU
hsa-miR-4663,AGCUGAGCUCCAUGGACGUGCAGU
hsa-miR-509-5p,UACUGCAGACAGUGGCAAUCA
hsa-miR-520a-3p,AAAGUGCUUCCCUUUGGACUGU
hsa-miR-1-3p,UGGAAUGUAAAGAAGUAUGUAU
hsa-miR-197-3p,UUCACCACCUUCUCCACCCAGC
hsa-miR-3184-3p,AAAGUCUCGCUCUCUGCCCCUCA
hsa-miR-548au-5p,AAAAGUAAUUGCGGUUUUUGC
hsa-miR-6768-5p,CACACAGGAAAAGCGGGGCCCUG
hsa-miR-548ad-5p,AAAAGUAAUUGUGGUUUUUG
hsa-miR-548ae-5p,AAAAGUAAUUGUGGUUUUUG
hsa-miR-6883-3p,UUCCCUAUCUCACUCUCCUCAG
hsa-miR-208b-5p,AAGCUUUUUGCUCGAAUUAUGU
hsa-miR-29b-2-5p,CUGGUUUCACAUGGUGGCUUAG
hsa-miR-548j-5p,AAAAGUAAUUGCGGUCUUUGGU
hsa-miR-103a-2-5p,AGCUUCUUUACAGUGCUGCCUUG
hsa-miR-134-3p,CCUGUGGGCCACCUAGUCACCAA
hsa-miR-4738-5p,ACCAGCGCGUUUUCAGUUUCAU
hsa-miR-6848-3p,GUGGUCUCUUGGCCCCCAG
hsa-miR-1306-5p,CCACCUCCCCUGCAAACGUCCA
hsa-miR-3177-3p,UGCACGGCACUGGGGACACGU
hsa-miR-450a-2-3p,AUUGGGGACAUUUUGCAUUCAU
hsa-miR-4638-3p,CCUGGACACCGCUCAGCCGGCCG
hsa-miR-548a-5p,AAAAGUAAUUGCGAGUUUUACC
hsa-miR-548l,AAAAGUAUUUGCGGGUUUUGUC
hsa-miR-6782-3p,CACCUUUGUGUCCCCAUCCUGCA
hsa-miR-6806-5p,UGUAGGCAUGAGGCAGGGCCCAGG
hsa-miR-4694-3p,CAAAUGGACAGGAUAACACCU
hsa-miR-581,UCUUGUGUUCUCUAGAUCAGU
hsa-miR-1255a,AGGAUGAGCAAAGAAAGUAGAUU
hsa-miR-210-5p,AGCCCCUGCCCACCGCACACUG
hsa-miR-3133,UAAAGAACUCUUAAAACCCAAU
hsa-miR-4776-3p,CUUGCCAUCCUGGUCCACUGCAU
hsa-miR-4427,UCUGAAUAGAGUCUGAAGAGU
hsa-miR-545-5p,UCAGUAAAUGUUUAUUAGAUGA
hsa-miR-186-5p,CAAAGAAUUCUCCUUUUGGGCU
hsa-miR-671-3p,UCCGGUUCUCAGGGCUCCACC
hsa-miR-6795-3p,ACCCCUCGUUUCUUCCCCCAG
hsa-miR-1244,AAGUAGUUGGUUUGUAUGAGAUGGUU
hsa-miR-3121-5p,UCCUUUGCCUAUUCUAUUUAAG
hsa-miR-3657,UGUGUCCCAUUAUUGGUGAUU
hsa-miR-3686,AUCUGUAAGAGAAAGUAAAUGA
hsa-miR-4717-5p,UAGGCCACAGCCACCCAUGUGU
hsa-miR-5187-5p,UGGGAUGAGGGAUUGAAGUGGA
hsa-miR-6811-5p,AUGCAGGCCUGUGUACAGCACU
hsa-miR-942-3p,CACAUGGCCGAAACAGAGAAGU
hsa-miR-1252-5p,AGAAGGAAAUUGAAUUCAUUUA
hsa-miR-4793-5p,ACAUCCUGCUCCACAGGGCAGAGG
hsa-miR-6861-5p,ACUGGGUAGGUGGGGCUCCAGG
hsa-miR-3200-5p,AAUCUGAGAAGGCGCACAAGGU
hsa-miR-510-5p,UACUCAGGAGAGUGGCAAUCAC
hsa-miR-6842-3p,UUGGCUGGUCUCUGCUCCGCAG
hsa-miR-7106-3p,AGCUCCCUGAAUCCCUGUCCCAG
hsa-miR-7845-5p,AAGGGACAGGGAGGGUCGUGG
hsa-miR-125a-3p,ACAGGUGAGGUUCUUGGGAGCC
hsa-miR-4302,CCAGUGUGGCUCAGCGAG
hsa-miR-4455,AGGGUGUGUGUGUUUUU
hsa-miR-4477a,CUAUUAAGGACAUUUGUGAUUC
hsa-miR-497-5p,CAGCAGCACACUGUGGUUUGU
hsa-miR-6765-3p,UCACCUGGCUGGCCCGCCCAG
hsa-miR-6813-3p,AACCUUGGCCCCUCUCCCCAG
hsa-miR-7151-5p,GAUCCAUCUCUGCCUGUAUUGGC
hsa-miR-216a-3p,UCACAGUGGUCUCUGGGAUUAU
hsa-miR-2467-5p,UGAGGCUCUGUUAGCCUUGGCUC
hsa-miR-3944-3p,UUCGGGCUGGCCUGCUGCUCCGG
hsa-miR-4507,CUGGGUUGGGCUGGGCUGGG
hsa-miR-4650-5p,UCAGGCCUCUUUCUACCUU
hsa-miR-509-3-5p,UACUGCAGACGUGGCAAUCAUG
hsa-miR-548d-3p,CAAAAACCACAGUUUCUUUUGC
hsa-miR-548f-3p,AAAAACUGUAAUUACUUUU
